<?xml version="1.1" encoding="UTF-8" standalone="yes"?>
<addon id="plugin.video.livetvtugavip"
       name="[COLOR lime]Live Tv Tuga VIP[/COLOR]"
       version="0.0.5"
       provider-name="Rui Ferreira">
  <requires>
    <import addon="xbmc.python" version="2.1.0"/>
	<import addon="script.module.requests" />
  </requires>
  <extension point="xbmc.python.pluginsource"
            library="default.py">
        <provides>video</provides>
  </extension>
  <extension point="xbmc.addon.metadata">
        <summary>[COLOR lime]Live Tv Tuga VIP[/COLOR]</summary>
        <description>Live Tv Tuga VIP fornece ótimo IPTV.</description>
        <disclaimer>Live Tv Tuga VIP não hospeda nem distribui nenhum conteúdo exibido por este addon. O autor não possui nenhuma afiliação com os provedores de conteúdo.</disclaimer>
        <language>en</language>
		<assets>
            <icon>icon.png</icon>
            <fanart>fanart.gif</fanart>
        </assets>
  </extension>
</addon>

