<?xml version="1.0" encoding="UTF-8"?>
<window>
	<onload condition="Control.IsVisible(50)">SetFocus(50)</onload>
	<onload condition="Control.IsVisible(51)">SetFocus(51)</onload>
	<onload condition="Control.IsVisible(52)">SetFocus(52)</onload>
	<onload>SetProperty(Window.HasSettings,True,home)</onload>
	<onload>ClearProperty(MediaMenu,Home)</onload>
	<onunload>ClearProperty(Window.HasSettings,Home)</onunload>
	<views>50,51,52</views>
	<menucontrol>9051</menucontrol>
	<controls>
		<control type="button" id="64">
			<include>HiddenObject</include>
			<onclick>fullscreen</onclick>
			<onleft condition="Control.IsVisible(50)">SetFocus(50)</onleft>
			<onleft condition="Control.IsVisible(51)">SetFocus(51)</onleft>
			<onleft condition="Control.IsVisible(52)">SetFocus(52)</onleft>
			<onright condition="Control.IsVisible(50)">50</onright>
			<onright condition="Control.IsVisible(51)">51</onright>
			<onright condition="Control.IsVisible(52)">52</onright>
		</control>
		<include>CommonBackground</include>
		<!-- Default Channel List -->
		<control type="group">
			<top></top>
			<include>VisibleFadeAnimation</include>
			<include>WindowOpenCloseAnimation</include>
			<visible>Control.IsVisible(50)</visible>
			<control type="image">
				<left>50</left>
				<top>874</top>
				<width>885</width>
				<height>904</height>
				<texture border="40"></texture>
			</control>
			<control type="image">
				<left>0</left>
				<width>1920</width>
				<height>1080</height>
				<texture border="40">pvr2.png</texture>
			</control>
			<control type="list" id="50">
				<left>82</left>
				<top>132</top>
				<width>821</width>
				<height>840</height>
				<onleft>SetProperty(MediaMenu,True,home)</onleft>
				<onleft>SetFocus(9050)</onleft>
				<onright>70</onright>
				<onup>50</onup>
				<ondown>50</ondown>
				<viewtype label="535">list</viewtype>
				<pagecontrol>70</pagecontrol>
				<scrolltime tween="quadratic" easing="out">200</scrolltime>
				<itemlayout height="120" width="821">
					<control type="image">
						<top>62</top>
						<width>821</width>
						<height>60</height>
						<texture border="1">separator2.png</texture>
					</control>
					<control type="label">
						<width>120</width>
						<height>95</height>
						<font>font45caps_title</font>
						<textcolor>grey2</textcolor>
						<selectedcolor>$VAR[ThemeLabelColor]</selectedcolor>
						<align>center</align>
						<label>[B]$INFO[ListItem.ChannelNumberLabel][/B]</label>
					</control>
					<control type="label">
						<left>130</left>
						<width>530</width>
						<height>70</height>
						<font>font30</font>
						<textcolor>grey2</textcolor>
						<selectedcolor>$VAR[ThemeLabelColor]</selectedcolor>
						<label>$INFO[ListItem.Label]</label>
					</control>
					<control type="label">
						<left>130</left>
						<top>55</top>
						<width>530</width>
						<height>60</height>
						<font>font15</font>
						<textcolor>grey3</textcolor>
						<selectedcolor>grey3</selectedcolor>
						<label>$INFO[ListItem.Title]</label>
					</control>
					<control type="progress">
						<description>Progressbar</description>
						<left>5</left>
						<top>88</top>
						<width>112</width>
						<height>8</height>
						<visible>ListItem.HasEpg</visible>
						<info>ListItem.Progress</info>
						<texturebg border="2">osd/texturebg2.png</texturebg>
						<midtexture colordiffuse="$VAR[ThemeLabelColor]" border="2">osd/midtexture.png</midtexture>
					</control>
					<control type="image">
						<left>681</left>
						<top>8</top>
						<width>105</width>
						<height>105</height>
						<aspectratio>keep</aspectratio>
						<texture background="true">$INFO[ListItem.Icon]</texture>
						<animation effect="slide" start="0" end="-30" time="0" tween="sine" easing="in" condition="[ListItem.HasTimer | ListItem.IsRecording]">Conditional</animation>
					</control>
					<control type="group">
						<left>715</left>
						<top>45</top>
						<width>100</width>
						<height>30</height>
						<control type="label">
							<font>IconSmall</font>
							<textoffsetx>15</textoffsetx>
							<textcolor>$VAR[ThemeLabelColor]</textcolor>
							<align>right</align>
							<selectedcolor>$VAR[ThemeLabelColor]</selectedcolor>
							<label></label>
							<visible>ListItem.HasTimer + !ListItem.IsRecording</visible>
						</control>
						<control type="image">
							<left>45</left>
							<top>-10</top>
							<width>50</width>
							<height>50</height>
							<texture>new_pvr/PVR-IsRecording.png</texture>
							<animation effect="fade" start="100" end="40" time="2000" pulse="true" condition="true">Conditional</animation>
							<visible>ListItem.IsRecording</visible>
						</control>
					</control>
				</itemlayout>
				<focusedlayout height="120" width="821">
					<control type="image">
						<top>62</top>
						<width>821</width>
						<height>60</height>
						<texture border="1">separator2.png</texture>
					</control>
					<control type="image">
						<width>821</width>
						<height>120</height>
						<texture colordiffuse="$VAR[HighlightBarColor]" border="4">listselect_fo.png</texture>
						<visible>Control.HasFocus(50)</visible>
						<include>VisibleFadeAnimation</include>
					</control>
					<control type="label">
						<width>120</width>
						<height>95</height>
						<font>font45caps_title</font>
						<selectedcolor>$VAR[ThemeLabelColor]</selectedcolor>
						<align>center</align>
						<label>[B]$INFO[ListItem.ChannelNumberLabel][/B]</label>
					</control>
					<control type="label">
						<left>130</left>
						<width>530</width>
						<height>70</height>
						<font>font30</font>
						<selectedcolor>white</selectedcolor>
						<label>$INFO[ListItem.Label]</label>
						<animation effect="fade" start="100" end="70" time="300" tween="sine" easing="inout" condition="!Control.HasFocus(50)">Conditional</animation>
					</control>
					<control type="label">
						<left>130</left>
						<top>55</top>
						<width>530</width>
						<height>60</height>
						<font>font15</font>
						<selectedcolor>white</selectedcolor>
						<label>$INFO[ListItem.Title]</label>
						<animation effect="fade" start="100" end="30" time="300" tween="sine" easing="inout" condition="!Control.HasFocus(50)">Conditional</animation>
					</control>
					<control type="progress">
						<description>Progressbar</description>
						<left>5</left>
						<top>88</top>
						<width>112</width>
						<height>8</height>
						<visible>ListItem.HasEpg</visible>
						<info>ListItem.Progress</info>
						<texturebg border="2">osd/texturebg2.png</texturebg>
						<midtexture colordiffuse="$VAR[ThemeLabelColor]" border="2">osd/midtexture2.png</midtexture>
					</control>
					<control type="image">
						<left>681</left>
						<top>8</top>
						<width>105</width>
						<height>105</height>
						<aspectratio>keep</aspectratio>
						<texture background="true">$INFO[ListItem.Icon]</texture>
						<animation effect="slide" start="0" end="-30" time="0" tween="sine" easing="in" condition="[ListItem.HasTimer | ListItem.IsRecording]">Conditional</animation>
					</control>
					<control type="group">
						<left>715</left>
						<top>45</top>
						<width>100</width>
						<height>30</height>
						<control type="label">
							<font>IconSmall</font>
							<textoffsetx>15</textoffsetx>
							<align>right</align>
							<textcolor>$VAR[ThemeLabelColor]</textcolor>
							<selectedcolor>$VAR[ThemeLabelColor]</selectedcolor>
							<label></label>
							<visible>ListItem.HasTimer + !ListItem.IsRecording</visible>
						</control>
						<control type="image">
							<left>45</left>
							<top>-10</top>
							<width>50</width>
							<height>50</height>
							<texture>new_pvr/PVR-IsRecording.png</texture>
							<animation effect="fade" start="100" end="40" time="2000" pulse="true" condition="true">Conditional</animation>
							<visible>ListItem.IsRecording</visible>
						</control>
					</control>
				</focusedlayout>
			</control>
			<control type="scrollbar" id="70">
				<left>903</left>
				<top>32</top>
				<width>14</width>
				<height>840</height>
				<onleft>50</onleft>
				<onright condition="!Control.IsVisible(62)">SetProperty(MediaMenu,True,home)</onright>
				<onright condition="!Control.IsVisible(62)">SetFocus(9050)</onright>
				<onright condition="Control.IsVisible(62)">62</onright>
				<ondown>70</ondown>
				<onup>70</onup>
				<showonepage>false</showonepage>
				<texturesliderbackground />
				<texturesliderbar colordiffuse="55ffffff" border="1">scrollbar/texturesliderbar2.png</texturesliderbar>
				<texturesliderbarfocus border="1">scrollbar/texturesliderbar2.png</texturesliderbarfocus>
			</control>
			<control type="group">
				<description>Small Media Window</description>
				<left>985</left>
				<control type="image">
					<top>874</top>
					<width>885</width>
					<height>904</height>
					<texture border="40"></texture>
				</control>
				<control type="image">
					<width>885</width>
					<height>904</height>
					<texture border="40"></texture>
				</control>
				<control type="image">
					<left>32</left>
					<top>32</top>
					<width>821</width>
					<height>461</height>
					<texture fallback="special://skin/backgrounds/fallback_movies.jpg">$INFO[Skin.String(Home_Custom_Back_TV_Folder)]</texture>
					<include>VisibleFadeAnimation</include>
					<visible>!Player.HasVideo</visible>
				</control>
				<control type="image">
					<left>31</left>
					<top>32</top>
					<width>822</width>
					<height>461</height>
					<texture>black.png</texture>
					<include>VisibleFadeAnimation</include>
					<visible>Player.HasVideo</visible>
				</control>
				<control type="videowindow">
					<left>31</left>
					<top>32</top>
					<width>822</width>
					<height>461</height>
					<visible>Player.HasVideo</visible>
				</control>
				<control type="image">
					<description>separator image</description>
					<left>32</left>
					<top>434</top>
					<width>821</width>
					<height>60</height>
					<texture border="1">separator2.png</texture>
				</control>
			</control>
			<control type="group">
				<left>1017</left>
				<top>494</top>
				<control type="label">
					<top>15</top>
					<width>821</width>
					<height>30</height>
					<font>font15</font>
					<textcolor>grey2</textcolor>
					<textoffsetx>15</textoffsetx>
					<visible>Container(50).ListItem.HasEpg</visible>
					<label>[COLOR $VAR[ThemeLabelColor]]$INFO[Container(50).ListItem.StartTime]$INFO[Container(50).ListItem.EndTime, - ,: ][/COLOR]$INFO[Container(50).ListItem.Title]</label>
				</control>
				<control type="label">
					<top>58</top>
					<width>821</width>
					<height>30</height>
					<font>font15</font>
					<textcolor>$VAR[ThemeLabelColor]</textcolor>
					<textoffsetx>15</textoffsetx>
					<visible>!String.IsEmpty(Container(50).ListItem.NextTitle)</visible>
					<label>$INFO[Container(50).ListItem.NextTitle,$LOCALIZE[19031]: [COLOR grey2],[/COLOR]]</label>
				</control>
				<control type="image">
					<description>separator image</description>
					<top>45</top>
					<width>821</width>
					<height>60</height>
					<texture border="1">separator2.png</texture>
				</control>
				<control type="textbox" id="80">
					<label>$INFO[Container(50).ListItem.Plot]</label>
					<left>15</left>
					<top>124</top>
					<width>791</width>
					<height>234</height>
					<font>font15_textbox</font>
					<pagecontrol>62</pagecontrol>
					<include>DefaultButtonsValues</include>
					<autoscroll time="3000" delay="4000" repeat="5000">Skin.HasSetting(Enable.AutoScroll) + !Control.HasFocus(62)</autoscroll>
				</control>
				<control type="scrollbar" id="62">
					<left>820</left>
					<top>105</top>
					<width>14</width>
					<height>272</height>
					<onup>PageUp(80)</onup>
					<ondown>PageUp(80)</ondown>
					<onleft>50</onleft>
					<onright>SetProperty(MediaMenu,True,home)</onright>
					<onright>SetFocus(9050)</onright>
					<texturesliderbackground />
					<texturesliderbar colordiffuse="55ffffff" border="1">scrollbar/texturesliderbar2.png</texturesliderbar>
					<texturesliderbarfocus border="1">scrollbar/texturesliderbar2.png</texturesliderbarfocus>
					<showonepage>false</showonepage>
					<orientation>vertical</orientation>
				</control>
			</control>
		</control>
		<!-- Channel Wall -->
		<control type="group">
			<left>50</left>
			<top>55</top>
			<description>Channels Wall</description>
			<visible>Control.IsVisible(51)</visible>
			<include>VisibleFadeAnimation</include>
			<control type="image">
				<description>background image</description>
				<width>1840</width>
				<height>1012</height>
				<texture border="40">listpanel_back.png</texture>
			</control>
			<control type="panel" id="51">
				<left>30</left>
				<top>30</top>
				<width>1800</width>
				<height>720</height>
				<onleft>SetProperty(MediaMenu,True,home)</onleft>
				<onleft>SetFocus(9050)</onleft>
				<onright>60</onright>
				<onup>51</onup>
				<ondown>51</ondown>
				<pagecontrol>60</pagecontrol>
				<preloaditems>2</preloaditems>
				<viewtype label="$LOCALIZE[31245]">icon</viewtype>
				<scrolltime tween="quadratic" easing="out">300</scrolltime>
				<itemlayout height="180" width="445">
					<control type="image">
						<width>440</width>
						<height>175</height>
						<aspectratio>stretch</aspectratio>
						<texture colordiffuse="33FFFFFF" border="4" background="true">new_pvr/grey_bg.png</texture>
					</control>
					<control type="label">
						<left>14</left>
						<top>10</top>
						<width>320</width>
						<height>58</height>
						<font>font13b</font>
						<textcolor>grey</textcolor>
						<selectedcolor>$VAR[ThemeLabelColor]</selectedcolor>
						<label>[B]$INFO[ListItem.ChannelNumberLabel]$INFO[ListItem.Label,  ][/B]</label>
					</control>
					<control type="image">
						<left>401</left>
						<top>17</top>
						<width>40</width>
						<height>40</height>
						<texture>new_pvr/PVR-IsRecording.png</texture>
						<animation effect="fade" start="100" end="40" time="2000" pulse="true" condition="true">Conditional</animation>
						<visible>ListItem.IsRecording</visible>
					</control>
					<control type="image">
						<left>335</left>
						<top>10</top>
						<width>90</width>
						<height>59</height>
						<aspectratio align="right">keep</aspectratio>
						<texture colordiffuse="BAFFFFFF" fallback="new_pvr/tv.png">$INFO[ListItem.Icon]</texture>
						<animation effect="slide" start="0" end="-20" time="0" tween="sine" easing="in" condition="[ListItem.HasTimer | ListItem.IsRecording]">Conditional</animation>
					</control>
					<control type="group">
						<left>15</left>
						<top>85</top>
						<width>440</width>
						<height>165</height>
						<visible>ListItem.HasEpg</visible>
						<control type="label">
							<width>400</width>
							<height>30</height>
							<font>font12b</font>
							<textcolor>grey2</textcolor>
							<selectedcolor>$VAR[ThemeLabelColor]</selectedcolor>
							<label>$INFO[ListItem.Title]</label>
						</control>
						<control type="progress">
							<top>38</top>
							<width>408</width>
							<height>6</height>
							<info>ListItem.Progress</info>
							<texturebg border="2">osd/texturebg2.png</texturebg>
							<midtexture colordiffuse="$VAR[ThemeLabelColor]" border="2">osd/midtexture.png</midtexture>
							<visible>!String.IsEmpty(ListItem.Title)</visible>
						</control>
						<control type="label">
							<top>48</top>
							<width>400</width>
							<height>30</height>
							<font>font12</font>
							<textcolor>grey3</textcolor>
							<selectedcolor>grey2</selectedcolor>
							<label>$INFO[ListItem.NextTitle,$LOCALIZE[19031]:  ]</label>
						</control>
					</control>
				</itemlayout>
				<focusedlayout height="180" width="445">
					<control type="group">
						<animation type="Focus">
							<effect type="fade" start="80" end="100" time="200" tween="sine" easing="in" />
						</animation>
						<control type="image">
							<left>-13</left>
							<top>-8</top>
							<width>465</width>
							<height>192</height>
							<aspectratio>stretch</aspectratio>
							<texture colordiffuse="$VAR[ThemeLabelColor]" border="4" background="true">new_pvr/overlay/OverlayDialogBackground.png</texture>
						</control>
						<control type="image">
							<width>440</width>
							<height>175</height>
							<aspectratio>stretch</aspectratio>
							<texture colordiffuse="60FFFFFF" border="4" background="true">new_pvr/grey_bg.png</texture>
						</control>
						<control type="image">
							<left>335</left>
							<top>10</top>
							<width>90</width>
							<height>59</height>
							<aspectratio align="right">keep</aspectratio>
							<texture background="true" fallback="new_pvr/blank.png">$INFO[ListItem.Icon]</texture>
							<animation effect="slide" start="0" end="-20" time="0" tween="sine" easing="in" condition="[ListItem.HasTimer | ListItem.IsRecording]">Conditional</animation>
						</control>
						<control type="label">
							<left>14</left>
							<top>10</top>
							<width>320</width>
							<height>58</height>
							<font>font13b</font>
							<selectedcolor>$VAR[ThemeLabelColor]</selectedcolor>
							<label>[B]$INFO[ListItem.ChannelNumberLabel]$INFO[ListItem.Label,  ][/B]</label>
						</control>
						<control type="image">
							<left>401</left>
							<top>17</top>
							<width>40</width>
							<height>40</height>
							<texture>new_pvr/PVR-IsRecording.png</texture>
							<animation effect="fade" start="100" end="40" time="2000" pulse="true" condition="true">Conditional</animation>
							<visible>ListItem.IsRecording</visible>
						</control>
						<control type="group">
							<left>15</left>
							<top>85</top>
							<width>440</width>
							<height>165</height>
							<visible>ListItem.HasEpg</visible>
							<control type="label">
								<width>400</width>
								<height>30</height>
								<font>font12b</font>
								<selectedcolor>$VAR[ThemeLabelColor]</selectedcolor>
								<label>$INFO[ListItem.Title]</label>
							</control>
							<control type="progress">
								<top>38</top>
								<width>408</width>
								<height>6</height>
								<info>ListItem.Progress</info>
								<texturebg border="2">osd/texturebg2.png</texturebg>
								<midtexture colordiffuse="$VAR[ThemeLabelColor]" border="2">osd/midtexture2.png</midtexture>
								<visible>!String.IsEmpty(ListItem.Title)</visible>
							</control>
							<control type="label">
								<top>48</top>
								<width>400</width>
								<height>30</height>
								<font>font12</font>
								<textcolor>grey</textcolor>
								<selectedcolor>$VAR[ThemeLabelColor]</selectedcolor>
								<label>$INFO[ListItem.NextTitle,$LOCALIZE[19031]:  ]</label>
							</control>
						</control>
					</control>
				</focusedlayout>
			</control>
			<control type="scrollbar" id="60">
				<left>1810</left>
				<top>30</top>
				<width>14</width>
				<height>900</height>
				<onleft>51</onleft>
				<onleft>51</onleft>
				<ondown>60</ondown>
				<onup>60</onup>
				<showonepage>false</showonepage>
				<texturesliderbackground />
				<texturesliderbar colordiffuse="55ffffff" border="1">scrollbar/texturesliderbar2.png</texturesliderbar>
				<texturesliderbarfocus border="1">scrollbar/texturesliderbar2.png</texturesliderbarfocus>
				<animation effect="fade" start="100" end="0" time="500" delay="500" condition="!Control.HasFocus(60) + !Container.Scrolling">Conditional</animation>
			</control>
			<!-- Bottom info-panel -->
			<control type="group">
				<left>30</left>
				<top>750</top>
				<control type="image">
					<left>-1</left>
					<width>1780</width>
					<height>230</height>
					<texture colordiffuse="60FFFFFF" border="5">dialogs/default/inner.png</texture>
				</control>
				<!-- Videopreview and logo -->
				<control type="group">
					<visible>!Player.HasVideo</visible>
					<left>122</left>
					<top>12</top>
					<control type="image">
						<width>200</width>
						<height>200</height>
						<aspectratio>keep</aspectratio>
						<fadetime>400</fadetime>
						<texture>$INFO[ListItem.Icon]</texture>
					</control>
				</control>
				<control type="group">
					<visible>Player.HasVideo</visible>
					<top>2</top>
					<control type="image">
						<width>445</width>
						<height>225</height>
						<texture>black.png</texture>
					</control>
					<control type="videowindow">
						<width>445</width>
						<height>225</height>
					</control>
				</control>
				<!-- Description and fanart -->
				<control type="group">
					<left>450</left>
					<control type="label">
						<top>15</top>
						<width>1316</width>
						<height>30</height>
						<font>font14</font>
						<textcolor>$VAR[ThemeHomeLabelColor]</textcolor>
						<textoffsetx>15</textoffsetx>
						<label>$INFO[ListItem.StartTime]$INFO[ListItem.EndTime, - ,: ][COLOR grey2]$INFO[ListItem.Title][/COLOR]$INFO[ListItem.Genre,   $LOCALIZE[515]: [COLOR grey2],[/COLOR]]</label>
					</control>
					<control type="textbox" id="81">
						<label>$INFO[ListItem.Plot]</label>
						<left>15</left>
						<top>50</top>
						<width>1286</width>
						<height>180</height>
						<font>font14_textbox2</font>
						<pagecontrol>63</pagecontrol>
						<autoscroll time="3000" delay="4000" repeat="5000">Skin.HasSetting(Enable.AutoScroll) + !Control.HasFocus(63)</autoscroll>
						<visible>!String.StartsWith(ListItem.PlotOutline,"http)</visible>
					</control>
					<control type="textbox">
						<left>15</left>
						<top>50</top>
						<width>1000</width>
						<height>180</height>
						<font>font14_textbox2</font>
						<label>$INFO[ListItem.Plot]</label>
						<autoscroll time="3000" delay="4000" repeat="5000">Skin.HasSetting(Enable.AutoScroll) + !Control.HasFocus(63)</autoscroll>
						<visible>String.StartsWith(ListItem.PlotOutline,"http)</visible>
					</control>
					<control type="image">
						<left>1020</left>
						<top>5</top>
						<width>300</width>
						<height>220</height>
						<align>center</align>
						<aspectratio>keep</aspectratio>
						<texture>$INFO[ListItem.PlotOutline]</texture>
						<visible>String.StartsWith(ListItem.PlotOutline,"http)</visible>
					</control>
					<control type="scrollbar" id="63">
						<left>1328</left>
						<top>124</top>
						<width>14</width>
						<height>110</height>
						<onup>PageUp(81)</onup>
						<ondown>PageUp(81)</ondown>
						<onleft>10</onleft>
						<onright>10</onright>
						<texturesliderbackground />
						<texturesliderbar colordiffuse="55ffffff" border="1">scrollbar/texturesliderbar2.png</texturesliderbar>
						<texturesliderbarfocus border="1">scrollbar/texturesliderbar2.png</texturesliderbarfocus>
						<showonepage>false</showonepage>
						<orientation>vertical</orientation>
					</control>
				</control>
			</control>
		</control>
		<!-- Channel BigList -->
		<control type="group">
			<top>70</top>
			<visible>Control.IsVisible(52)</visible>
			<include>VisibleFadeAnimation</include>
			<include>WindowOpenCloseAnimation</include>
			<control type="group">
				<control type="image">
					<left>50</left>
					<top>910</top>
					<width>1031</width>
					<height>940</height>
					<texture border="40">panel_reflect.png</texture>
				</control>
				<control type="image">
					<left>50</left>
					<width>1031</width>
					<height>940</height>
					<texture border="40">listpanel_back.png</texture>
				</control>
				<control type="image">
					<left>1080</left>
					<top>910</top>
					<width>780</width>
					<height>940</height>
					<texture border="40">panel_reflect.png</texture>
				</control>
				<control type="image">
					<left>1080</left>
					<width>780</width>
					<height>940</height>
					<texture border="40">listpanel_back.png</texture>
				</control>
			</control>
			<control type="group">
				<left>60</left>
				<top>30</top>
				<control type="group">
					<left>20</left>
					<control type="list" id="52">
						<width>970</width>
						<height>882</height>
						<onleft>SetProperty(MediaMenu,True,home)</onleft>
						<onleft>SetFocus(9050)</onleft>
						<onright>80</onright>
						<onup>52</onup>
						<ondown>52</ondown>
						<pagecontrol>80</pagecontrol>
						<viewtype label="$LOCALIZE[31242]">list</viewtype>
						<scrolltime tween="quadratic">200</scrolltime>
						<itemlayout height="63" width="970">
							<control type="image">
								<width>975</width>
								<height>63</height>
								<texture>separator2.png</texture>
							</control>
							<control type="label">
								<left>2</left>
								<width>55</width>
								<height>63</height>
								<align>right</align>
								<textcolor>white</textcolor>
								<selectedcolor>$VAR[ThemeLabelColor]</selectedcolor>
								<font>font14_textbox</font>
								<label>[B]$INFO[ListItem.ChannelNumberLabel][/B]</label>
							</control>
							<control type="progress">
								<left>70</left>
								<top>25</top>
								<width>80</width>
								<height>12</height>
								<info>ListItem.Progress</info>
								<texturebg border="2">osd/texturebg2.png</texturebg>
								<midtexture colordiffuse="$VAR[ThemeLabelColor]" border="2">osd/midtexture.png</midtexture>
								<visible>!String.IsEmpty(ListItem.Title)</visible>
							</control>
							<control type="label">
								<left>165</left>
								<textcolor>$VAR[ThemeLabelColor]</textcolor>
								<selectedcolor>$VAR[ThemeLabelColor]</selectedcolor>
								<font>font14_textbox</font>
								<width>700</width>
								<height>63</height>
								<label>[B][COLOR white]$INFO[ListItem.Label][/COLOR][/B]$INFO[ListItem.Title,  ]</label>
							</control>
							<control type="image">
								<left>880</left>
								<top>7</top>
								<width>80</width>
								<height>50</height>
								<aspectratio>keep</aspectratio>
								<texture>$INFO[ListItem.Icon]</texture>
								<animation effect="slide" start="0" end="-30" time="0" tween="sine" easing="in" condition="[ListItem.HasTimer | ListItem.IsRecording]">Conditional</animation>
							</control>
							<control type="image">
								<left>913</left>
								<top>12</top>
								<width>40</width>
								<height>40</height>
								<texture>new_pvr/PVR-IsRecording.png</texture>
								<animation effect="fade" start="100" end="40" time="2000" pulse="true" condition="true">Conditional</animation>
								<visible>ListItem.IsRecording</visible>
							</control>
						</itemlayout>
						<focusedlayout height="63" width="970">
							<control type="image">
								<left>1</left>
								<width>970</width>
								<height>63</height>
								<texture colordiffuse="$VAR[HighlightBarColor]" border="4">listselect_fo.png</texture>
								<animation effect="fade" start="100" end="0" time="300" tween="sine" easing="inout" condition="!Control.HasFocus(52)">Conditional</animation>
							</control>
							<control type="label">
								<left>2</left>
								<width>55</width>
								<height>63</height>
								<align>right</align>
								<textcolor>white</textcolor>
								<selectedcolor>white</selectedcolor>
								<font>font14_textbox</font>
								<label>[B]$INFO[ListItem.ChannelNumberLabel][/B]</label>
							</control>
							<control type="progress">
								<left>70</left>
								<top>25</top>
								<width>80</width>
								<height>12</height>
								<info>ListItem.Progress</info>
								<texturebg border="2">osd/texturebg2.png</texturebg>
								<midtexture colordiffuse="$VAR[ThemeLabelColor]" border="2">osd/midtexture2.png</midtexture>
								<visible>!String.IsEmpty(ListItem.Title)</visible>
							</control>
							<control type="label">
								<left>165</left>
								<textcolor>$VAR[ThemeLabelColor]</textcolor>
								<selectedcolor>white</selectedcolor>
								<font>font14_textbox</font>
								<width>700</width>
								<height>63</height>
								<label>[B][COLOR white]$INFO[ListItem.Label][/COLOR][/B]$INFO[ListItem.Title,  ]</label>
							</control>
							<control type="image">
								<left>880</left>
								<top>7</top>
								<width>80</width>
								<height>50</height>
								<aspectratio>keep</aspectratio>
								<texture>$INFO[ListItem.Icon]</texture>
								<animation effect="slide" start="0" end="-30" time="0" tween="sine" easing="in" condition="[ListItem.HasTimer | ListItem.IsRecording]">Conditional</animation>
							</control>
							<control type="image">
								<left>913</left>
								<top>12</top>
								<width>40</width>
								<height>40</height>
								<texture>new_pvr/PVR-IsRecording.png</texture>
								<animation effect="fade" start="100" end="40" time="2000" pulse="true" condition="true">Conditional</animation>
								<visible>ListItem.IsRecording</visible>
							</control>
						</focusedlayout>
					</control>
				</control>
				<control type="group">
					<description>Right panel info</description>
					<left>1049</left>
					<height>875</height>
					<control type="group">
						<width>720</width>
						<height>405</height>
						<description>Videopreview &amp; border</description>
						<control type="image">
							<width>720</width>
							<height>405</height>
							<texture fallback="special://skin/backgrounds/fallback_movies.jpg">$INFO[Skin.String(Home_Custom_Back_TV_Folder)]</texture>
							<include>VisibleFadeAnimation</include>
							<visible>!Player.HasVideo</visible>
						</control>
						<control type="image">
							<width>720</width>
							<height>405</height>
							<texture>black.png</texture>
							<visible>Player.HasVideo</visible>
						</control>
						<control type="videowindow">
							<width>720</width>
							<height>405</height>
							<visible>Player.HasVideo</visible>
							<animation effect="slide" end="-3000,0" time="0">WindowClose</animation>
						</control>
					</control>
					<control type="group">
						<description>Playing item info</description>
						<visible>Player.HasVideo</visible>
						<height>40</height>
						<control type="image">
							<width>720</width>
							<height>50</height>
							<texture>back.png</texture>
							<animation effect="fade" end="70" time="200" condition="true">Conditional</animation>
						</control>
						<control type="image">
							<top>355</top>
							<width>720</width>
							<height>50</height>
							<texture>back.png</texture>
							<animation effect="fade" end="70" time="200" condition="true">Conditional</animation>
							<visible>!String.IsEmpty(VideoPlayer.Plotoutline)</visible>
						</control>
						<control type="group">
							<top>10</top>
							<control type="label">
								<left>20</left>
								<top>-2</top>
								<width>700</width>
								<height>40</height>
								<label>[I]$INFO[VideoPlayer.Title,$LOCALIZE[31040]:  ][/I]</label>
								<font>font11</font>
								<scroll>true</scroll>
								<visible>!String.IsEmpty(VideoPlayer.Plotoutline)</visible>
							</control>
							<control type="image">
								<left>650</left>
								<top>-7</top>
								<width>62</width>
								<height>47</height>
								<aspectratio>keep</aspectratio>
								<texture>$INFO[VideoPlayer.Cover]</texture>
							</control>
						</control>
						<control type="image">
							<width>720</width>
							<height>405</height>
							<texture colordiffuse="$VAR[ThemeLabelColor]" border="9">thumbs/thumbnail_focused.png</texture>
							<include>VisibleFadeAnimation</include>
							<visible>Control.HasFocus(64)</visible>
						</control>
					</control>
					<control type="group">
						<description>Selected Item info</description>
						<top>410</top>
						<height>75</height>
						<width>720</width>
						<visible>!String.IsEmpty(Container(52).ListItem.Title)</visible>
						<control type="label">
							<left>20</left>
							<top>4</top>
							<width>680</width>
							<height>30</height>
							<align>center</align>
							<label>$INFO[Container(52).ListItem.Title]</label>
							<font>font15_bold</font>
							<textcolor>$VAR[ThemeLabelColor]</textcolor>
							<scroll>true</scroll>
						</control>
						<control type="label">
							<left>10</left>
							<top>40</top>
							<width>100</width>
							<height>30</height>
							<align>center</align>
							<label>$INFO[Container(52).ListItem.StartTime]</label>
							<font>font12</font>
							<textcolor>d0FFFFFF</textcolor>
							<visible>Container(52).ListItem.HasEpg</visible>
						</control>
						<control type="progress">
							<left>115</left>
							<top>47</top>
							<width>475</width>
							<height>18</height>
							<midtexture colordiffuse="$VAR[ThemeLabelColor]" border="0">new_pvr/texturebg_white.png</midtexture>
							<texturebg colordiffuse="$VAR[ThemeLabelColor]" border="3,0,3,0">new_pvr/texturebg_border_white.png</texturebg>
							<lefttexture />
							<righttexture />
							<visible>Container(52).ListItem.HasEpg</visible>
							<info>Container(52).ListItem.Progress</info>
						</control>
						<control type="label">
							<left>600</left>
							<top>40</top>
							<width>100</width>
							<height>30</height>
							<align>center</align>
							<label>$INFO[Container(52).ListItem.EndTime]</label>
							<font>font12</font>
							<textcolor>d0FFFFFF</textcolor>
							<visible>Container(52).ListItem.HasEpg</visible>
						</control>
					</control>
					<control type="group">
						<top>485</top>
						<left>10</left>
						<width>720</width>
						<height>310</height>
						<description>Plot</description>
						<!-- has PlotOutline -->
						<control type="group">
							<visible>!String.IsEmpty(Container(52).ListItem.Plotoutline)</visible>
							<control type="label">
								<width>700</width>
								<height>27</height>
								<align>center</align>
								<label>$INFO[Container(52).ListItem.PlotOutline]</label>
								<font>font13</font>
								<textcolor>$VAR[ThemeLabelColor]</textcolor>
							</control>
							<control type="textbox">
								<top>40</top>
								<width>700</width>
								<height>260</height>
								<label>$INFO[Container(52).ListItem.Plot]</label>
								<font>font14_textbox</font>
								<shadowcolor>black</shadowcolor>
								<textcolor>white</textcolor>
								<autoscroll time="4000" delay="5000" repeat="5000">true</autoscroll>
							</control>
						</control>
						<!-- no PlotOutline -->
						<control type="textbox">
							<width>700</width>
							<height>300</height>
							<label>$INFO[Container(52).ListItem.Plot]</label>
							<font>font14_textbox</font>
							<shadowcolor>black</shadowcolor>
							<textcolor>white</textcolor>
							<autoscroll time="4000" delay="5000" repeat="5000">true</autoscroll>
							<visible>String.IsEmpty(Container(52).ListItem.Plotoutline)</visible>
						</control>
					</control>
					<control type="group">
						<description>Genre &amp; Next show</description>
						<top>794</top>
						<left>10</left>
						<height>70</height>
						<control type="image">
							<top>-64</top>
							<left>-10</left>
							<width>720</width>
							<height>60</height>
							<texture>separator2.png</texture>
						</control>
						<control type="label">
							<height>40</height>
							<width>700</width>
							<font>font13</font>
							<textcolor>$VAR[ThemeLabelColor]</textcolor>
							<label>$INFO[Container(52).ListItem.Genre,$LOCALIZE[515]: [COLOR grey2],[/COLOR]]</label>
						</control>
						<control type="label">
							<top>45</top>
							<height>30</height>
							<width>700</width>
							<font>font13</font>
							<textcolor>$VAR[ThemeLabelColor]</textcolor>
							<label>$INFO[Container(52).ListItem.NextStartTime,$LOCALIZE[19031]: [COLOR grey2],[/COLOR]]$INFO[Container(52).ListItem.NextEndTime, [COLOR grey2]- ,[/COLOR]]$INFO[Container(52).ListItem.NextTitle,   [COLOR grey2],[/COLOR]]</label>
						</control>
					</control>
				</control>
				<control type="scrollbar" id="80">
					<left>989</left>
					<width>14</width>
					<height>875</height>
					<onleft>52</onleft>
					<onright condition="!Player.HasVideo">52</onright>
					<onright condition="Player.HasVideo">64</onright>
					<ondown>80</ondown>
					<onup>80</onup>
					<showonepage>true</showonepage>
					<texturesliderbackground />
					<texturesliderbar colordiffuse="55ffffff" border="1">scrollbar/texturesliderbar2.png</texturesliderbar>
					<texturesliderbarfocus border="1">scrollbar/texturesliderbar2.png</texturesliderbarfocus>
					<orientation>vertical</orientation>
				</control>
			</control>
		</control>
		<include condition="!Skin.HasSetting(Disable.ScrollLabel)">ScrollOffsetLabel</include>
		<control type="image">
			<include>FullscreenDimensions</include>
			<texture>black-back.png</texture>
			<animation effect="fade" time="400">Visible</animation>
			<animation effect="fade" time="200">Hidden</animation>
			<visible>Window.IsActive(FileBrowser) | Window.IsActive(PVRGuideInfo) | Window.IsActive(PVRRecordingInfo) | Window.IsActive(PVRTimerSetting) | Window.IsActive(PVRGroupManager) | Window.IsActive(PVRGuideSearch)</visible>
		</control>
		<include>Topbar</include>
		<include>PVRMediaMenu</include>
	</controls>
</window>
