<?xml version="1.0" encoding="UTF-8"?>
<window>
	<onload condition="!String.IsEmpty(Window(Home).Property(Window.HasSettings))">ClearProperty(Window.HasSettings,Home)</onload>
	<onunload>SetProperty(Window.HasSettings,True,Home)</onunload>
	<views>50</views>
	<controls>
		<include>CommonBackground</include>
		<include>Topbar</include>
		<control type="label" id="991">
			<include>HiddenObject</include>
		</control>
		<control type="group">
			<include>WindowOpenCloseAnimation</include>
			<control type="group">
				<top>59</top>
				<include>SystemLeftPanel</include>
				<control type="list" id="9000">
					<left>82</left>
					<top>32</top>
					<width>356</width>
					<height>810</height>
					<onleft>SetProperty(MediaMenu,True,Home)</onleft>
					<onleft>SetFocus(9050)</onleft>
					<onright>50</onright>
					<onup>9000</onup>
					<ondown>9000</ondown>
					<pagecontrol>60</pagecontrol>
					<scrolltime tween="quadratic">300</scrolltime>
					<itemlayout height="90" width="356">
						<control type="image">
							<top>30</top>
							<width>356</width>
							<height>60</height>
							<texture border="1">separator2.png</texture>
						</control>
						<control type="label">
							<width>356</width>
							<height>90</height>
							<font>font15</font>
							<textoffsetx>20</textoffsetx>
							<textcolor>grey2</textcolor>
							<selectedcolor>$VAR[ThemeLabelColor]</selectedcolor>
							<label>$INFO[ListItem.Label]</label>
						</control>
					</itemlayout>
					<focusedlayout height="90" width="356">
						<control type="image">
							<top>30</top>
							<width>356</width>
							<height>60</height>
							<texture border="1">separator2.png</texture>
						</control>
						<control type="image">
							<width>356</width>
							<height>90</height>
							<texture colordiffuse="$VAR[HighlightBarColor]" border="4">listselect_fo.png</texture>
							<visible>Control.HasFocus(9000)</visible>
							<include>VisibleFadeAnimation</include>
						</control>
						<control type="label">
							<width>356</width>
							<height>90</height>
							<font>font15</font>
							<textoffsetx>20</textoffsetx>
							<textcolor>white</textcolor>
							<selectedcolor>$VAR[ThemeLabelColor]</selectedcolor>
							<label>$INFO[ListItem.Label]</label>
							<animation effect="fade" start="100" end="70" time="300" tween="sine" easing="inout" condition="!Control.HasFocus(9000)">Conditional</animation>
						</control>
					</focusedlayout>
				</control>
				<control type="scrollbar" id="60">
					<left>65</left>
					<top>32</top>
					<width>14</width>
					<height>720</height>
					<onleft>9050</onleft>
					<onright>9000</onright>
					<ondown>60</ondown>
					<onup>60</onup>
					<showonepage>false</showonepage>
					<texturesliderbackground />
					<texturesliderbar colordiffuse="55ffffff" border="1">scrollbar/texturesliderbar2.png</texturesliderbar>
					<texturesliderbarfocus border="1">scrollbar/texturesliderbar2.png</texturesliderbarfocus>
				</control>
				<control type="image">
					<description>LOGO</description>
					<left>60</left>
					<top>875</top>
					<width>400</width>
					<height>130</height>
					<texture>aeon-nox-logo.png</texture>
				</control>
				<include>SystemRightPanel</include>
				<control type="image">
					<description>separator image</description>
					<left>522</left>
					<top>630</top>
					<width>1316</width>
					<height>60</height>
					<texture border="1">separator2.png</texture>
				</control>
			</control>
			<control type="label" id="999">
				<left>522</left>
				<top>160</top>
				<width>1316</width>
				<height>839</height>
				<font>font45caps_title</font>
				<align>center</align>
				<label>$LOCALIZE[284]</label>
				<include>VisibleFadeAnimation</include>
			</control>
			<control type="group">
				<left>522</left>
				<top>91</top>
				<control type="panel" id="50">
					<width>1316</width>
					<height>658</height>
					<pagecontrol>61</pagecontrol>
					<onleft>9000</onleft>
					<onright>61</onright>
					<onup>50</onup>
					<ondown>50</ondown>
					<orientation>vertical</orientation>
					<viewtype label="535">list</viewtype>
					<preloaditems>2</preloaditems>
					<itemlayout width="219" height="329" condition="Container.Content(movies) | Container.Content(tvshows) | Container.Content(seasons)">
						<control type="image">
							<width>219</width>
							<height>329</height>
							<aspectratio>scale</aspectratio>
							<texture background="true">$INFO[ListItem.Art(poster)]</texture>
							<bordertexture border="2">thumbs/panel_border3.png</bordertexture>
							<bordersize>2</bordersize>
							<colordiffuse>BAffffff</colordiffuse>
						</control>
					</itemlayout>
					<focusedlayout width="219" height="329" condition="Container.Content(movies) | Container.Content(tvshows) | Container.Content(seasons)">
						<control type="group">
							<animation type="Focus">
								<effect type="zoom" start="95" end="100" time="200" tween="sine" easing="inout" center="auto" />
								<effect type="fade" start="80" end="100" time="200" tween="sine" easing="in" />
							</animation>
							<control type="image">
								<width>219</width>
								<height>329</height>
								<aspectratio>scale</aspectratio>
								<texture background="true">$INFO[ListItem.Art(poster)]</texture>
								<bordertexture colordiffuse="$VAR[ThemeLabelColor]" border="8">thumbs/thumbnail_focused.png</bordertexture>
								<bordersize>8</bordersize>
							</control>
						</control>
					</focusedlayout>
					<itemlayout width="329" height="219" condition="Container.Content(episodes)">
							<control type="image">
								<width>329</width>
								<height>219</height>
								<aspectratio>scale</aspectratio>
								<texture background="true">$INFO[ListItem.Icon]</texture>
								<bordertexture border="2">thumbs/panel_border3.png</bordertexture>
								<bordersize>2</bordersize>
								<colordiffuse>BAffffff</colordiffuse>
							</control>
						</itemlayout>
						<focusedlayout width="329" height="219" condition="Container.Content(episodes)">
							<control type="group">
								<animation type="Focus">
									<effect type="zoom" start="95" end="100" time="200" tween="sine" easing="inout" center="auto" />
									<effect type="fade" start="80" end="100" time="200" tween="sine" easing="in" />
								</animation>
								<control type="image">
									<width>329</width>
									<height>219</height>
									<aspectratio>scale</aspectratio>
									<texture background="true">$INFO[ListItem.Icon]</texture>
									<bordertexture colordiffuse="$VAR[ThemeLabelColor]" border="8">thumbs/thumbnail_focused.png</bordertexture>
									<bordersize>8</bordersize>
								</control>
							</control>
						</focusedlayout>
					<itemlayout width="329" height="329" condition="[Container.Content(artists) | Container.Content(albums) | Container.Content(songs)]">
						<control type="image">
							<width>329</width>
							<height>329</height>
							<aspectratio>scale</aspectratio>
							<texture background="true">$INFO[ListItem.Icon]</texture>
							<bordertexture border="2">thumbs/panel_border3.png</bordertexture>
							<bordersize>2</bordersize>
							<colordiffuse>BAffffff</colordiffuse>
						</control>
					</itemlayout>
					<focusedlayout width="329" height="329" condition="[Container.Content(artists) | Container.Content(albums) | Container.Content(songs)]">
						<control type="group">
							<animation type="Focus">
								<effect type="zoom" start="95" end="100" time="200" tween="sine" easing="inout" center="auto" />
								<effect type="fade" start="80" end="100" time="200" tween="sine" easing="in" />
							</animation>
							<control type="image">
								<width>329</width>
								<height>329</height>
								<aspectratio>scale</aspectratio>
								<texture background="true">$INFO[ListItem.Icon]</texture>
								<bordertexture colordiffuse="$VAR[ThemeLabelColor]" border="8">thumbs/thumbnail_focused.png</bordertexture>
								<bordersize>8</bordersize>
							</control>
						</control>
					</focusedlayout>
				</control>
				<control type="group">
					<top>670</top>
					<control type="label">
						<width>1316</width>
						<height>40</height>
						<label>$INFO[ListItem.TvShowTitle,, • ]$INFO[ListItem.Label]</label>
						<font>font15</font>
						<textcolor>$VAR[ThemeLabelColor]</textcolor>
						<textoffsetx>15</textoffsetx>
					</control>
					<control type="label">
						<width>1316</width>
						<height>40</height>
						<align>right</align>
						<label>$INFO[ListItem.Year,, • ]$INFO[ListItem.Duration]</label>
						<font>font15</font>
						<textcolor>grey2</textcolor>
						<textoffsetx>15</textoffsetx>
					</control>
					<control type="textbox">
						<left>15</left>
						<top>50</top>
						<width>1286</width>
						<height>120</height>
						<label>$VAR[VideoPlotVar]</label>
						<font>font15_textbox</font>
						<textcolor>grey2</textcolor>
						<autoscroll time="3000" delay="4000" repeat="5000">true</autoscroll>
					</control>
					<control type="grouplist">
						<top>185</top>
						<width>1300</width>
						<height>90</height>
						<align>justify</align>
						<orientation>horizontal</orientation>
						<visible>Container.Content(movies)</visible>
						<include>VisibleFadeAnimation</include>
						<control type="image">
							<width>168</width>
							<include>MediaFlagValues</include>
							<bordersize>2</bordersize>
							<texture>$VAR[PathFlagsStudios]$INFO[ListItem.Studio,,.png]</texture>
							<visible>!String.IsEmpty(ListItem.Studio)</visible>
						</control>
						<control type="image">
							<width>168</width>
							<include>MediaFlagValues</include>
							<texture>$VAR[MediaFlagsPathVar]/mpaa/$VAR[RatingFlagVar]</texture>
							<visible>!String.IsEmpty(ListItem.MPAA)</visible>
						</control>
						<control type="image">
							<width>168</width>
							<include>MediaFlagValues</include>
							<texture>$VAR[MediaFlagsPathVar]/resolution/$INFO[ListItem.VideoResolution,,.png]</texture>
							<visible>!String.IsEmpty(ListItem.VideoResolution)</visible>
						</control>
						<control type="image">
							<width>168</width>
							<include>MediaFlagValues</include>
							<texture>$VAR[MediaFlagsPathVar]/videocodec/$VAR[SourceFlagVar]</texture>
							<visible>!String.IsEmpty(ListItem.VideoCodec)</visible>
						</control>
						<control type="image">
							<width>168</width>
							<include>MediaFlagValues</include>
							<texture>$VAR[MediaFlagsPathVar]/audiocodec/$INFO[ListItem.AudioCodec,,.png]</texture>
							<visible>!String.IsEmpty(ListItem.AudioCodec)</visible>
						</control>
						<control type="image">
							<width>168</width>
							<include>MediaFlagValues</include>
							<texture>$VAR[MediaFlagsPathVar]/audiochannels/$INFO[ListItem.AudioChannels,,.png]</texture>
							<visible>!String.IsEmpty(ListItem.AudioChannels)</visible>
						</control>
					</control>
					<control type="grouplist">
						<left>40</left>
						<top>185</top>
						<width>1300</width>
						<height>90</height>
						<orientation>horizontal</orientation>
						<visible>Container.Content(tvshows)</visible>
						<include>VisibleFadeAnimation</include>
						<control type="image">
							<width>168</width>
							<include>MediaFlagValues</include>
							<bordersize>2</bordersize>
							<texture>$VAR[PathFlagsStudios]$INFO[ListItem.Studio,,.png]</texture>
							<visible>!String.IsEmpty(ListItem.Studio)</visible>
						</control>
						<control type="image">
							<width>168</width>
							<include>MediaFlagValues</include>
							<texture>$VAR[MediaFlagsPathVar]/mpaa/$VAR[RatingFlagVar]</texture>
							<visible>!String.IsEmpty(ListItem.MPAA)</visible>
						</control>
					</control>
					<control type="grouplist">
						<top>185</top>
						<width>1300</width>
						<height>90</height>
						<align>justify</align>
						<orientation>horizontal</orientation>
						<visible>Container.Content(episodes)</visible>
						<include>VisibleFadeAnimation</include>
						<control type="image">
							<width>168</width>
							<include>MediaFlagValues</include>
							<texture>$VAR[MediaFlagsPathVar]/resolution/$INFO[ListItem.VideoResolution,,.png]</texture>
							<visible>!String.IsEmpty(ListItem.VideoResolution)</visible>
						</control>
						<control type="image">
							<width>168</width>
							<include>MediaFlagValues</include>
							<texture>$VAR[MediaFlagsPathVar]/videocodec/$VAR[SourceFlagVar]</texture>
							<visible>!String.IsEmpty(ListItem.VideoCodec)</visible>
						</control>
						<control type="image">
							<width>168</width>
							<include>MediaFlagValues</include>
							<texture>$VAR[MediaFlagsPathVar]/audiocodec/$INFO[ListItem.AudioCodec,,.png]</texture>
							<visible>!String.IsEmpty(ListItem.AudioCodec)</visible>
						</control>
						<control type="image">
							<width>168</width>
							<include>MediaFlagValues</include>
							<texture>$VAR[MediaFlagsPathVar]/audiochannels/$INFO[ListItem.AudioChannels,,.png]</texture>
							<visible>!String.IsEmpty(ListItem.AudioChannels)</visible>
						</control>
					</control>
				</control>
			</control>
			<control type="scrollbar" id="61">
				<left>1838</left>
				<top>160</top>
				<width>14</width>
				<height>658</height>
				<onleft>101</onleft>
				<onright>noop</onright>
				<ondown>61</ondown>
				<onup>61</onup>
				<showonepage>false</showonepage>
				<texturesliderbackground />
				<texturesliderbar colordiffuse="55ffffff" border="1">scrollbar/texturesliderbar2.png</texturesliderbar>
				<texturesliderbarfocus border="1">scrollbar/texturesliderbar2.png</texturesliderbarfocus>
				<animation effect="fade" start="100" end="0" time="500" delay="500" condition="!Control.HasFocus(61) + !Container.Scrolling">Conditional</animation>
			</control>
		</control>
		<control type="group">
			<left>-440</left>
			<include>SideBladeLeft</include>
			<control type="grouplist" id="9050">
				<top>100</top>
				<width>400</width>
				<height>1080</height>
				<onleft>9050</onleft>
				<onright>ClearProperty(MediaMenu,Home)</onright>
				<onright>50</onright>
				<onup>9050</onup>
				<ondown condition="Player.HasMedia">9957</ondown>
				<ondown condition="!Player.HasMedia">9050</ondown>
				<onback>ClearProperty(MediaMenu,Home)</onback>
				<onback>50</onback>
				<include condition="Skin.HasSetting(KioskMode.Enabled)">KioskModeButton</include>
				<control type="label" id="200">
					<width>400</width>
					<height>52</height>
					<textoffsetx>15</textoffsetx>
					<font>font13_title</font>
					<label>31006</label>
					<textcolor>$VAR[ThemeLabelColor]</textcolor>
				</control>
				<control type="button" id="990">
					<include>ButtonCommonValues</include>
					<label>$ADDON[script.globalsearch 32299]?</label>
 					<onclick>ClearProperty(MediaMenu,Home)</onclick>
				</control>
			</control>
			<include>MediaMenuPlayerControls</include>
		</control>
	</controls>
</window>