<?xml version="1.0" encoding="UTF-8" standalone="yes"?>
<addon id="plugin.video.Youtube-LiveTvTuga" name="[COLOR red]Youtube-LiveTvTuga[/COLOR]"	version="1"	provider-name="Rui Ferreira"> 
  <requires>
    <import addon="xbmc.python" version="2.1.0"/>
    <import addon="script.module.addon.common" version="2.0.0"/>
    <import addon="plugin.video.youtube" version="5.0.0"/>
  </requires>
  <extension point="xbmc.python.pluginsource" library="pulse.py">
    <provides>video</provides>
  </extension>
  <extension point="xbmc.addon.metadata">
    <summary lang="en">Meu canal youtube</summary>
    <description lang="en">All Content In This Addon Is Freely Available On The Internet*youtube</description>
    <disclaimer lang="en">*Meu Canal youtube</disclaimer>
    <platform>all</platform>
    <forum>n/a</forum>
    <website>n/a</website>
  </extension>
</addon>